Product,Time
Kvikk Lunsj 3x47g Freia,5.23
"Pepsi Max 0,5l flaske",9.77
Frokostegg Frittgående L 12stk Prior,18.47
Red Bull Regular 250ml boks,24.97
Red Bull Sukkerfri 250ml boks,33.07
Cottage Cheese Mager 2% 400g Tine,42.57
Red Bull Regular 250ml boks,48.20
Norvegia 26% skivet 150g Tine,53.43
Kokt Skinke Ekte 110g Gilde,59.30
Yoghurt Skogsbær 4x150g Tine,63.33
Evergood Classic Filtermalt 250g,73.03
Frokostyoghurt Skogsbær 125g pose Q,81.67
Kjøttdeig Angus 14% 400g Meny,88.77
Karbonadedeig 5% u/Salt og Vann 400g Meny,95.30
Yt Protein Yoghurt Vanilje 430g Tine,100.83
Original Havsalt 190g Sørlandschips,110.67
Epler Røde,128.13
Paprika Rød,137.07
Ruccula 65g Grønn&Frisk,145.47
Gulrot 750g Beger,154.63
Epler Røde,161.70
Paprika Rød,170.23
Bananer Økologisk,181.23
